scenario,year,scc,cprice,abate_share,tatm,miu
cbopt,2020,9.219360441534148,5.760334474680744,4.543208010460551e-5,1.247154,0.05000000870517263
cbopt,2025,59.06692353887914,16.61043157907587,0.0002414675279673921,1.4248440882430036,0.10000000965634015
cbopt,2030,69.49212854260047,64.1215635739079,0.00207030167065961,1.546316583347302,0.23999999713871223
cbopt,2035,81.08972145749246,75.70040570993321,0.002592367693695136,1.6481447486053784,0.2746893069301606
cbopt,2040,94.04872579498114,87.34490444520398,0.003135869739425213,1.7435343999682453,0.30992068302910936
cbopt,2045,108.49427635287145,100.42664574740067,0.0037818952641158698,1.8355835946555046,0.3489027381204044
cbopt,2050,124.5421491500478,115.07106289792526,0.004547412678590098,1.9244084738464955,0.3919442610251048
cbopt,2055,142.2902277240784,131.38921453562253,0.005298577846948502,2.010716313866488,0.42714711244198855
cbopt,2060,161.8484040736965,149.4999841502605,0.006153655892700955,2.094474956957379,0.46449980819459624
cbopt,2065,183.314477813763,169.5138290955084,0.007122531987816258,2.1751116724007007,0.5040170190664037
cbopt,2070,206.7795433867601,191.53549695672694,0.008215158501488339,2.251891285588013,0.5457012623220863
cbopt,2075,232.32679988564422,215.66271808389376,0.009441424850541318,2.324001446589473,0.589543363254343
cbopt,2080,260.0295888923855,241.98449874991533,0.01081097474403109,2.3905626886025857,0.635522191274178
cbopt,2085,289.9492887263658,270.5797111796721,0.01233301860131534,2.4506173611424926,0.6836049388074101
cbopt,2090,322.1334962148711,301.51668196589304,0.014016196779067562,2.5031104319228987,0.7337488518747809
cbopt,2095,356.61536672599846,334.85521637120223,0.015868615792825586,2.5468639602619323,0.7859061406436413
cbopt,2100,393.4166588208605,370.6549039022875,0.017898390907906507,2.580542723933051,0.840036735226606
cbopt,2105,432.5520595547625,404.0131534797423,0.01990808797319446,2.5975234551886155,0.8892964222466099
cbopt,2110,474.1524580862047,439.22535017529987,0.022082192203360922,2.6011336043255797,0.9399097366000598
cbopt,2115,518.3062317335449,476.3829215911099,0.024434746763417774,2.591128899340841,0.9919420701348093
cbopt,2120,565.16514277384,515.6586827294768,0.026987258302116245,2.5659429122953417,1.0455560628823566
cbopt,2125,615.0531562731549,556.4975864420089,0.029697493914317606,2.523484597676195,1.0999997561603767
cbopt,2130,668.4153033703742,553.7222441346952,0.02856842112284489,2.4760725972338467,1.100000005701903
cbopt,2135,725.2292006859285,550.9605448557996,0.0275199086743334,2.4287916643720937,1.100000008116687
cbopt,2140,785.2388880502186,548.2126183173584,0.026544913524157405,2.382199456444824,1.1000000089231055
cbopt,2145,848.1831778129124,545.4783967927954,0.02563666056041518,2.335817308547818,1.100000009321542
cbopt,2150,913.7881399694867,542.75781212378,0.024789059725456124,2.28902510949156,1.1000000095557902
cbopt,2155,981.7537322977483,540.050796361725,0.023996702699412117,2.2412525224410604,1.1000000097075944
cbopt,2160,1051.74581637369,537.3572818594557,0.023252656982419902,2.191998747373868,1.1000000098119855
cbopt,2165,1123.3988911904535,534.6772012925168,0.02253193862721985,2.140853221437564,1.100000009885662
cbopt,2170,1196.307814961625,532.0104876667745,0.021833719447688197,2.0874498904336334,1.1000000099385188
cbopt,2175,1270.0400184368152,529.3570743190625,0.021157228663895418,2.031448094486696,1.1000000099764906
cbopt,2180,1344.1599632639982,526.7168949169843,0.02050174519405975,1.9725235945748445,1.1000000100033644
cbopt,2185,1418.2704775771085,524.0898834579967,0.01986659260561548,1.9103642359879711,1.1000000100216991
cbopt,2190,1492.0770470867308,521.4759742681663,0.01925113555616259,1.8446685030537169,1.1000000100333285
cbopt,2195,1565.462234285871,518.8751020007446,0.01865477725781153,1.7751468279095128,1.1000000100396312
cbopt,2200,1638.4289473361057,516.2872016345235,0.018076957815592664,1.7015266772651605,1.1000000100415046
cbopt,2205,1705.6405714307812,476.86392512803565,0.015498163353414496,1.6651942882697466,1.0500000095729622
cbopt,2210,1773.2611837109407,474.48555637238155,0.015027930503196046,1.6350797056292226,1.0500000095635316
cbopt,2215,1833.205702143805,472.11904977562534,0.014571893621838966,1.6027240462991257,1.0500000095474389
cbopt,2220,1883.8899014311005,469.7643461748173,0.014129443991516203,1.566862556981806,1.0500000095243593
cbopt,2225,1923.8997056039057,467.4213867019806,0.013700222558576112,1.5275360121986874,1.0500000094938173
cbopt,2230,1951.8043774512425,465.09011278250654,0.013283892162249475,1.4848732360680352,1.0500000094549966
cbopt,2235,1966.1550318159566,462.77046613364706,0.012880111151302522,1.438922818914486,1.0500000094066695
cbopt,2240,1965.546496095472,460.46238876301976,0.012488538711814816,1.3896722042161518,1.050000009347134
cbopt,2245,1948.720042945631,458.16582296711886,0.012108840459733506,1.3370780132921276,1.0500000092741444
cbopt,2250,1914.734293459734,455.8807113298692,0.011740691198316883,1.281084365023403,1.0500000091848951
cbopt,2255,1863.3503501265577,453.6069967214123,0.011383775915533072,1.2216325912355552,1.0500000090763255
cbopt,2260,1897.9367748019313,451.3446223116797,0.011037789952703743,1.1586668834278524,1.050000008966928
cbopt,2265,1930.0630707143323,449.09353153321047,0.010702438792493026,1.0921383422844697,1.05000000884503
cbopt,2270,1961.1170754153843,446.8536681090193,0.010377437646693202,1.0220084249268375,1.0500000087110384
cbopt,2275,1993.3061320235286,444.6249760436953,0.010062510897025652,0.9482519912595209,1.0500000085666832
cbopt,2280,2030.0072202270917,442.40739962255,0.009757391409000766,0.8708597173482451,1.0500000084158638
cbopt,2285,2076.3027870190986,440.20088341095095,0.009461819736335465,0.7898394000921992,1.0500000082657848
cbopt,2290,2139.795761393014,438.00537225370897,0.009175543257105522,0.7052156489573471,1.0500000081281984
cbopt,2295,2231.676130367606,435.8208112739522,0.008898315320959147,0.6170278558509299,1.050000008019896
cbopt,2300,2366.9175901102367,433.6471458695147,0.008629894521532651,0.5253274979600808,1.0500000079594438
cbopt,2305,2545.803526850963,399.0820012278624,0.007368761670128247,0.5580254725336837,1.0000000074826503
cbopt,2310,2733.6227722519475,397.0915714200104,0.007150615727203542,0.5991963632249478,1.0000000074466038
cbopt,2315,2913.143075905891,395.1110689041999,0.006938779781373757,0.6314556052758162,1.0000000073818391
cbopt,2320,3084.786647916554,393.14044416985496,0.0067330111880326395,0.6540640207719742,1.0000000072912487
cbopt,2325,3250.2066230465507,391.17964795313924,0.006533182393414724,0.6693440662100424,1.0000000071774575
cbopt,2330,3410.5220721801543,389.2286312348718,0.006339179240143351,0.6795683601336485,1.0000000070414483
cbopt,2335,3566.059236632035,387.2873452393933,0.0061508767793643756,0.6864132514181576,1.0000000068826662
cbopt,2340,3716.399855971507,385.3557414334837,0.005968138189246263,0.691016383723304,1.0000000066992036
cbopt,2345,3860.4555160050527,383.43377152519463,0.00579081880740717,0.694127402755016,1.0000000064878403
cbopt,2350,3996.503007006571,381.52138746258146,0.005618770150414909,0.6962356791546291,1.0000000062439107
cbopt,2355,4122.169719728211,379.61854143232466,0.005451842873987695,0.6976604728567927,1.0000000059609777
cbopt,2360,4234.367790947577,377.7251858582128,0.0052898887335840195,0.698610878304719,1.0000000056302574
cbopt,2365,4329.1732865368485,375.84127339942245,0.005132761812119194,0.6992248001731328,1.0000000052396758
cbopt,2370,4401.640626969147,373.966756948466,0.004980319255046686,0.6995940896661574,1.0000000047723414
cbopt,2375,4445.534311882391,372.10158962856957,0.004832421686844662,0.6997807158554213,1.0000000042039972
cbopt,2380,4452.94940402546,370.2457247899993,0.004688933425627601,0.6998271690554909,1.000000003498618
cbopt,2385,4413.778392607771,368.39911600433607,0.004549722571527823,0.6997631613467323,1.0000000026003857
cbopt,2390,4314.965089727639,366.5617170544411,0.004414661017023861,0.699609951046781,1.0000000014180714
cbopt,2395,4139.471191684206,364.73348191451777,0.004283624409558174,0.6993831421490143,0.9999999997919726
cbopt,2400,3864.893763264555,362.91436470459837,0.00415649208528475,0.6990945044444423,0.9999999974158175
cbopt,2405,3461.8211074953774,361.1043195677273,0.0040331469850285045,0.6987531646507267,0.9999999936225363
cbopt,2410,2892.7474434929104,359.3033002534803,0.003913475556321214,0.6983663951943608,0.9999999866528143
cbopt,2415,2115.5333205410484,357.511258075257,0.0037973676241585025,0.6979401581759078,0.9999999700588074
cbopt,2420,1108.873143910622,355.72811859532004,0.003684715909393589,0.6974796765290847,0.9999998916256093
t2c,2020,13.187728850182836,5.760334567504255,4.543208129432894e-5,1.247154,0.05000000920874337
t2c,2025,89.034008844341,16.610431616471942,0.00024146725810187734,1.4247314197983378,0.10000000979705004
t2c,2030,106.86427638889394,64.12156887985287,0.002070295968889732,1.5460499198493955,0.24000000955094414
t2c,2035,127.55432256000189,116.69047364563946,0.005250446881047948,1.6385050304152717,0.36000000004616495
t2c,2040,151.71752186007984,140.9727199719678,0.006849501961019318,1.7174675664475667,0.41800983616551857
t2c,2045,180.00202135943695,167.65949843974659,0.008735280766150079,1.7881684013843298,0.4806360932429189
t2c,2050,213.13173596090988,199.52780269945237,0.011184951744054981,1.8503803449098275,0.5528694838305676
t2c,2055,251.9590535295199,237.64409834065546,0.013979081937506847,1.9041747012147352,0.6186315256838799
t2c,2060,297.6338408778252,283.30517685577775,0.017548604349940915,1.9482000108463073,0.6926181873232158
t2c,2065,351.63858977555884,337.7029761953312,0.022090886361165542,1.9799921639740563,0.7754008945287958
t2c,2070,414.8912171451799,399.5285020934794,0.027546561900834408,1.9969693017866543,0.8640055202739332
t2c,2075,479.5753247913524,451.3049862546044,0.03188396627995647,2.000000019803737,0.9352983442996569
t2c,2080,479.45562698404365,452.9879612340536,0.03034142208026687,2.0000000197192707,0.9404109254718842
t2c,2085,488.2088337902505,461.8420455095068,0.029696433967067844,2.0000000196545917,0.9548366735880707
t2c,2090,496.1551372547902,469.72639029451557,0.028999774553581336,2.000000019591875,0.9680124527621887
t2c,2095,501.2643694548514,475.74739203483443,0.028170682547918505,2.0000000194198617,0.9788029606063963
t2c,2100,509.4288819297895,480.41332880939564,0.02727504951583589,2.000000019533808,0.9878740777698958
t2c,2105,491.2052829922522,461.81017931347964,0.024613546761672996,2.000000018986232,0.9668053457822419
t2c,2110,501.9841755880087,466.59081729323873,0.024173545918596145,2.0000000188528584,0.9760939974742286
t2c,2115,507.44522980030087,467.0367611414448,0.023411363459123487,2.000000018489119,0.97973384564689
t2c,2120,513.340037284745,467.8715927984946,0.022738499494513387,2.0000000179436888,0.9838979118102782
t2c,2125,519.0824124461421,468.1692491207422,0.02207439301915789,2.000000017916846,0.9873697973454818
t2c,2130,519.0801189248496,468.08705537207925,0.02143024675544892,1.9999999520798686,0.9903514697260797
t2c,2135,555.9580916188365,498.54060511528445,0.023133664503418753,1.9871957069640853,1.0333684824405567
t2c,2140,594.5783159810467,530.2993355760798,0.024947398790242183,1.955382616796612,1.0773956638338817
t2c,2145,633.67749459998,545.478381755103,0.02546958538099032,1.909497108937407,1.0999999903686124
t2c,2150,673.2566537326057,542.7578074515799,0.024630242885703642,1.8595061458853843,1.1000000036376116
t2c,2155,713.1060495801357,540.0507936010613,0.023845591539956888,1.8081235256418693,1.100000006193191
t2c,2160,752.802616557762,537.3572798605093,0.023108977686464874,1.7554144577610662,1.1000000072545146
t2c,2165,791.9077882756528,534.677199683223,0.022395604489980216,1.7009933874228003,1.1000000078163956
t2c,2170,829.9870852816571,532.010486282081,0.02170464920775577,1.644456614094267,1.1000000081491241
t2c,2175,866.6292523962651,529.3570730715182,0.02103534972319583,1.5854449215749777,1.1000000083562484
t2c,2180,901.4751212342403,526.7168937544805,0.02038699651983684,1.523636739029942,1.1000000084860002
t2c,2185,934.2634367731084,524.089882346855,0.019758924975615953,1.458736914994519,1.1000000085641055
t2c,2190,964.8990369647144,521.4759731855352,0.019150510215195857,1.3904711562799057,1.1000000086060164
t2c,2195,993.5301580472403,518.8751009309736,0.018561163717444307,1.318585917588888,1.1000000086222044
t2c,2200,1020.480914614221,516.2872005668355,0.0179903309283684,1.2428531835685983,1.1000000086197466
t2c,2205,1041.5647563717116,476.8639242035289,0.015426151390502896,1.2081843938754302,1.0500000083006757
t2c,2210,1062.1817081448828,474.48555542038974,0.014959744455273252,1.1791029871651397,1.0500000082468537
t2c,2215,1074.6421889727892,472.1190487748555,0.014507431031262502,1.1474976039621099,1.0500000081563592
t2c,2220,1077.8730162778447,469.7643451004708,0.014068661749622968,1.112084148230324,1.050000008023522
t2c,2225,1071.0691432016365,467.4213855234569,0.013643058766569193,1.072763185161713,1.0500000078391944
t2c,2230,1053.4930665449206,465.0901114592403,0.013230275746458539,1.0296106651615415,1.0500000075878455
t2c,2235,1024.4694348261767,462.77046460817115,0.012829976126781486,0.9827121695977313,1.050000007243408
t2c,2240,983.4194506053344,460.46238694840434,0.012441830390361869,0.9321413794653782,1.050000006760948
t2c,2245,929.9064903510191,458.165820721895,0.012065516035542541,0.8779611843831538,1.0500000060582166
t2c,2250,863.7028650252627,455.88070840187106,0.011700717760816737,0.8202277206754549,1.0500000049699794
t2c,2255,784.9563487988031,453.60699260191484,0.011347127530504045,0.7589944339682444,1.0500000031164962
t2c,2260,734.1464547621223,451.34461639970937,0.011004444518836094,0.6943158482346626,1.0500000003709897
t2c,2265,671.6950310950593,449.09352175997594,0.010672374859909056,0.6262511698932927,1.0499999945636282
t2c,2270,596.727710678676,446.8536449756231,0.010350631202402049,0.5548681003582636,1.049999974737296
t2c,2275,514.710644635217,437.8065901347875,0.009788196792762023,0.500000170360627,1.0399071816135408
t2c,2280,492.2283047856717,417.2367090128114,0.008847808564450502,0.5000001163821032,1.0122537238902964
t2c,2285,492.52034534192495,416.06314315391467,0.008614844041540361,0.5000001101542055,1.0136359672630644
t2c,2290,489.2949370353076,412.16907520394403,0.00829802128167877,0.5000001209735295,1.0108501538310275
t2c,2295,472.5717275639665,399.21923945617874,0.007704393239208433,0.5313671981735181,0.9939830731712854
t2c,2300,464.1994336880316,415.26256210656817,0.008037834565762614,0.5000000049242463,1.0219525499187305
t2c,2305,2045.0165132857749,399.08200071828577,0.007367378971579386,0.5076555857057646,1.0000000066846053
t2c,2310,2170.9125483087964,397.09157088473785,0.007148378332589953,0.5191450645986648,1.0000000066041146
t2c,2315,2297.3818399082556,395.11106834785005,0.006935895273484448,0.5289366233215843,1.0000000065017864
t2c,2320,2423.832278641207,393.14044359478606,0.006729719012011464,0.5365168071884647,1.0000000063770258
t2c,2325,2550.0297693484017,391.17964735974266,0.006529670941827354,0.5423630894445688,1.0000000062293692
t2c,2330,2675.5585200789646,389.2286306220867,0.006335578852621411,0.5469879507562578,1.0000000060574747
t2c,2335,2799.7046975525336,387.2873446050348,0.00614727218088397,0.5507653403852184,1.0000000058589456
t2c,2340,2921.4335097463018,385.355740774396,0.0059645822654939736,0.5539414349011291,1.000000005630244
t2c,2345,3039.372878981763,383.43377083726966,0.005787343334909977,0.5566736262809148,1.0000000053665172
t2c,2350,3151.780669609296,381.5213867406627,0.005615393273444247,0.5590628481544588,1.0000000050612792
t2c,2355,3256.488961423198,379.61854066999723,0.005448574073070129,0.5611752714945377,1.0000000047058901
t2c,2360,3350.821360610358,377.7251850474536,0.005286732051586806,0.5630558311105041,1.000000004288741
t2c,2365,3431.477463278045,375.8412725300598,0.005129717922879879,0.564736410513226,1.0000000037939814
t2c,2370,3494.374796581095,373.9667560073514,0.004977386779812515,0.5662407400518139,1.0000000031994833
t2c,2375,3534.433004981178,372.10158859828283,0.0048295980276514185,0.5675873251144958,1.000000002473477
t2c,2380,3545.27692832922,370.2457236467548,0.0046862152905913215,0.5687912068934049,1.0000000015687436
t2c,2385,3518.823137322133,368.3991147144274,0.004547106304470428,0.5698650338653933,1.0000000004120175
t2c,2390,3444.6968342221826,366.5617155677999,0.004412142803139075,0.5708197259313408,0.9999999988832983
t2c,2395,3309.4032238401746,364.73348015201935,0.004281200402616367,0.5716648967700994,0.9999999967717905
t2c,2400,3095.1633876488067,362.91436253003945,0.004154158485071447,0.5724091316879365,0.9999999936708589
t2c,2405,2778.3980320326013,361.1043167153536,0.004030900082764087,0.5730601787901194,0.999999988685643
t2c,2410,2328.369910008451,359.30329609004235,0.003911311757558125,0.5736250904858208,0.9999999794106079
t2c,2415,1709.0964365828147,357.5112504144675,0.0037952834433885797,0.5741103552862857,0.9999999566662409
t2c,2420,899.4099223137753,355.7280859678363,0.0036827076815546256,0.5745223374065056,0.9999998343004377
